﻿<?xml version="1.0" encoding="utf-8"?>
<DacOrigin xmlns="http://schemas.microsoft.com/sqlserver/dac/Serialization/2012/02">
  <PackageProperties>
    <Version>3.1.0.0</Version>
    <ContainsExportedData>true</ContainsExportedData>
    <StreamVersions>
      <Version StreamName="Data">2.0.0.0</Version>
      <Version StreamName="DeploymentContributors">1.0.0.0</Version>
    </StreamVersions>
  </PackageProperties>
  <Operation>
    <Identity>1c83a8b0-4bf6-4ded-a88a-f432e7f095b0</Identity>
    <Start>2018-01-05T18:31:19.1511172+00:00</Start>
    <End>0001-01-01T00:00:00.0000000</End>
    <ProductName>Microsoft.SqlServer.Dac, Version=14.0.0.0, Culture=neutral, PublicKeyToken=b03f5f7f11d50a3a</ProductName>
    <ProductVersion>14.0.3811.1</ProductVersion>
    <ProductSchema>http://schemas.microsoft.com/sqlserver/dac/Serialization/2012/02</ProductSchema>
  </Operation>
  <Server>
    <ServerVersion>Microsoft SQL Azure (RTM) - 12.0.2000.8 
	Nov 29 2017 09:37:51 
	Copyright (C) 2017 Microsoft Corporation
</ServerVersion>
    <ObjectCounts>
      <ColumnEncryptionKey>1</ColumnEncryptionKey>
      <ColumnEncryptionKeyValue>1</ColumnEncryptionKeyValue>
      <ColumnMasterKey>2</ColumnMasterKey>
      <DatabaseCredential>2</DatabaseCredential>
      <DatabaseOptions>1</DatabaseOptions>
      <DefaultConstraint>3</DefaultConstraint>
      <Login>1</Login>
      <MasterKey>1</MasterKey>
      <PermissionStatement>1</PermissionStatement>
      <PrimaryKeyConstraint>5</PrimaryKeyConstraint>
      <RoleMembership>1</RoleMembership>
      <SimpleColumn>69</SimpleColumn>
      <Table>9</Table>
      <User>1</User>
    </ObjectCounts>
  </Server>
  <ExportStatistics>
    <SourceDatabaseSize>6072</SourceDatabaseSize>
    <TableRowCountTotalTag>1</TableRowCountTotalTag>
  </ExportStatistics>
  <Checksums>
    <Checksum Uri="/model.xml">9F7663B2E8BC5012FB83886BD75EDBC80E8B3A7D536A772E8161BF2D6D106EF2</Checksum>
  </Checksums>
  <ModelSchemaVersion>3.0</ModelSchemaVersion>
</DacOrigin>